id,nom,email,telephone,pays,date_inscription
1,Bernard Vaillant,dguillou@example.com,+33 5 32 53 65 55,Slovaquie,2025-06-17
2,Inès Gilles Le Duhamel,christophe21@example.net,+33 5 55 45 16 25,Norvège,2025-01-31
3,Roger Meyer,wmercier@example.net,+33 4 44 05 77 80,Ouganda,2025-08-23
4,Thierry Lejeune,susanne41@example.com,05 49 66 89 02,Turks et Caïques (Îles),2024-03-17
5,Henriette Clerc,wmary@example.com,0257135106,Chine (Rép. pop.),2025-08-20
6,Franck Raynaud de Picard,levyveronique@example.com,04 58 76 48 79,Grèce,2024-10-21
7,Emmanuelle-Henriette Lacombe,susanpetit@example.com,0549141270,La Barbad,2024-03-12
8,Julie Alves,valentine23@example.com,0214520492,Gambie,2025-01-07
9,Sophie Gérard,gilbert63@example.org,+33 3 23 68 02 28,Saint-Marin (Rép. de),2024-04-09
10,Agnès Gimenez,besnardjacques@example.net,+33 5 79 98 14 83,Saint Vincent et les Grenadines,2024-05-04
11,Thomas Michaud,marc73@example.net,06 95 98 59 54,Russie,2024-10-10
12,Anne Ferreira,genevievepinto@example.net,+33 (0)4 65 10 14 89,Cayman (Îles),2023-12-30
13,Roland de la Germain,ole-goff@example.org,+33 4 43 24 47 30,Guyane,2024-03-19
14,Aimé Cousin,emilevincent@example.net,+33 5 87 72 27 82,Macau,2024-03-31
15,Valérie Lelièvre,maillardmanon@example.org,01 53 22 27 35,Benin,2024-06-13
16,Monique Lemonnier,jacobrichard@example.com,02 62 73 09 85,Russie,2023-11-15
17,Sylvie Perez,gbecker@example.net,04 23 34 47 20,Moldavie,2024-07-09
18,Arnaude du Barthelemy,frederic80@example.com,+33 4 84 78 71 07,Guatemala,2024-01-12
19,Adèle Vidal de Prévost,aguillon@example.net,+33 (0)2 98 09 92 61,Dominique,2024-10-23
20,Chantal Texier,suzanne65@example.com,+33 6 32 70 29 42,Anguilla,2024-05-06
21,Corinne Rémy-Weber,barbegerard@example.com,0471866358,Russie,2025-07-16
22,Catherine Le Marty,cecile88@example.net,03 57 65 03 02,Svalbard et Jan Mayen (Îles),2024-10-17
23,Michèle Girard,dhardy@example.net,+33 5 63 00 77 30,Grèce,2023-11-30
24,Julien Weiss,bgodard@example.net,+33 (0)2 14 08 70 14,Taiwan,2024-10-17
25,Victoire Guibert,courtoisrichard@example.org,05 58 37 36 57,Iran,2025-05-08
26,Guy Roger,peronlucas@example.org,0325429516,Uruguay,2024-05-13
27,Françoise Barbier-Paris,hmallet@example.com,+33 1 46 48 64 55,République tchèque,2025-02-17
28,Susan Adam-Morvan,deschampsisabelle@example.org,+33 (0)4 98 20 99 89,Trinité et Tobago,2024-07-16
29,Sylvie de Weiss,aubryluce@example.com,07 76 39 22 97,Honduras,2024-03-03
30,Arthur Da Silva,zgilbert@example.com,+33 7 92 58 91 43,Indonésie,2025-06-02
31,Alexandre De Oliveira,arnaude71@example.org,01 79 39 37 61,Polynésie française,2025-04-24
32,Claudine Gilles du Benard,alexandrie52@example.org,+33 5 19 64 33 35,Porto Rico,2025-03-15
33,Joseph Morvan,ybecker@example.org,+33 1 42 60 34 38,Guinée,2024-05-24
34,Léon Neveu,francoisedias@example.net,+33 (0)2 38 96 26 38,Suède,2024-07-29
35,Alexandria Raymond,celina61@example.com,0415668639,Uruguay,2024-06-20
36,Lorraine Courtois-Cohen,monique53@example.org,0218709065,Turquie,2025-08-30
37,Gabriel-Frédéric Dumont,marionjacqueline@example.com,0623522622,Allemagne,2024-02-14
38,Daniel de Weiss,anastasielombard@example.net,0557361884,Tokelau,2025-02-15
39,Laurent Raynaud,josephine70@example.net,04 23 92 27 13,Inde,2024-01-30
40,Édouard du Reynaud,lebonstephane@example.org,+33 4 34 91 24 39,Liechtenstein,2024-10-22
41,Camille Leclercq,wlesage@example.org,+33 2 28 62 37 24,Samoa,2025-04-21
42,Guillaume Gillet,vcolas@example.net,+33 (0)3 65 64 38 51,Croatie,2024-07-08
43,Laurence Prévost,lucy08@example.com,+33 (0)5 65 15 56 40,Ethiopie,2024-09-21
44,Théophile Schmitt,blotveronique@example.org,03 53 07 89 10,Samoa,2024-10-14
45,Jérôme Thibault,bertrand84@example.com,0778060575,Ethiopie,2025-08-05
46,Thierry Fournier,sylviedidier@example.org,03 84 81 53 36,Turkménistan,2025-07-12
47,Victoire-Jeannine Vidal,emmanuel94@example.com,+33 (0)6 62 87 99 50,Géorgie,2025-02-09
48,Martin Laroche,fbailly@example.net,+33 2 97 60 53 59,Vanuatu,2024-03-14
49,Alexandre Da Silva,chantal50@example.com,+33 (0)3 67 91 41 23,Gibraltar,2024-12-28
50,Georges Tanguy,efontaine@example.com,0254394151,Ghana,2025-05-01
51,André-Lucas Gautier,alixmartin@example.com,0698116476,Féroé (Îles),2024-07-14
52,Adrien de la Noël,barbelaurence@example.net,0554375837,Swaziland,2024-04-26
53,Roger de Roy,klecoq@example.net,0256433150,Chili,2025-07-18
54,Diane Bernard-Vallée,eugenepoirier@example.org,0276072104,Macau,2024-05-10
55,Hugues Lacombe,boutinmargaux@example.org,+33 4 70 61 16 54,Namibie,2025-04-23
56,Bernadette Pasquier-Martinez,chauvetchristine@example.net,0637938762,Uruguay,2024-01-27
57,Arthur Texier,claudinepages@example.net,+33 (0)3 28 54 39 99,Sri Lanka,2024-02-28
58,Luc Jacquot-Collet,arthurklein@example.com,0489005372,Oman,2024-06-21
59,Jean Arnaud-Thibault,paulinealbert@example.net,0456464157,Mozambique,2024-01-09
60,Auguste Launay du Baudry,ralexandre@example.org,02 28 53 76 36,Irlande,2025-01-02
61,Pénélope Leroux,bmaillet@example.com,0457030789,Pitcairn (Îles),2024-12-06
62,Colette Renault,alfredfernandez@example.net,+33 3 83 06 01 30,Lettonie,2025-05-28
63,Isaac Pruvost,veroniqueperon@example.com,+33 (0)5 49 29 35 71,Madagascar,2025-02-26
64,Franck Menard,beckergerard@example.com,+33 5 17 60 94 04,São Tomé et Príncipe (Rép.),2025-09-15
65,Louise Marchal,adele34@example.com,0236749207,Swaziland,2024-09-21
66,Lucas Seguin,guydiallo@example.org,05 63 26 22 86,Pérou,2025-10-01
67,Brigitte-Patricia Reynaud,sollivier@example.com,0558720114,Svalbard et Jan Mayen (Îles),2024-12-18
68,Emmanuelle Roger,tbazin@example.org,+33 1 74 61 66 68,Australie,2025-09-16
69,Lucie-Paulette Valentin,costadanielle@example.com,+33 (0)5 87 86 63 85,Burkina Faso,2024-04-30
70,Daniel Le Gall,fauger@example.com,+33 4 94 09 94 45,Fidji (République des),2024-11-02
71,Vincent du Texier,lferreira@example.com,0299695551,Hongrie,2025-10-05
72,Alexandre Turpin,brigitteprevost@example.org,0554190895,Portugal,2023-10-17
73,Martine Lambert Le Julien,fontaineemilie@example.net,0620216350,Arménie,2023-12-07
74,Patrick Le Besnard,camusolivier@example.com,+33 (0)3 65 46 18 44,Moldavie,2024-04-19
75,Aimé François,remyluce@example.org,02 96 41 46 79,Inde,2024-11-12
76,Jules Costa,mathilderiviere@example.org,+33 (0)6 34 01 73 55,Comores,2025-01-11
77,Anastasie Coste de la Buisson,mauricediaz@example.com,+33 (0)3 25 98 69 29,Costa Rica,2024-03-21
78,Marthe Dumont,henri49@example.com,+33 3 61 01 69 34,Royaume-Uni,2024-03-13
79,Jacques-Édouard Delaunay,alphonse27@example.org,+33 (0)2 57 57 84 40,République tchèque,2025-01-21
80,Philippe Durand,ffaure@example.net,+33 (0)5 82 13 13 93,Singapour,2025-03-24
81,Lorraine-Virginie Georges,prevostclaire@example.com,+33 (0)4 85 94 69 43,Cap Vert,2025-06-19
82,Thierry-Édouard Raymond,legrosmarcel@example.org,07 73 15 11 92,Autriche,2024-01-27
83,Dominique Bouchet,louiseclerc@example.net,0324872612,Moldavie,2024-06-11
84,Vincent Jean de la Buisson,icolas@example.com,+33 2 76 64 68 99,Chili,2024-02-02
85,Théodore de la Brun,adeleleduc@example.com,+33 (0)2 21 21 86 95,Vanuatu,2023-12-15
86,Bernard Marion de Renault,marquesmichelle@example.net,0423118463,Djibouti,2024-04-30
87,Susanne du Meunier,corinne18@example.org,+33 3 69 87 00 64,Papouasie-Nouvelle-Guinée,2024-12-09
88,Maggie de Joly,legendregerard@example.org,+33 4 37 32 25 87,Ghana,2023-12-17
89,Sébastien Gauthier,marcelle55@example.net,0590147926,Îles Mineures Éloignées des États-Unis,2023-10-23
90,Danielle Le Gall-Le Goff,juliette61@example.com,+33 (0)6 35 20 48 18,Brunei,2024-09-27
91,Catherine Hardy,maryseetienne@example.org,+33 (0)3 80 04 64 47,Maurice,2025-07-12
92,Hugues Cohen,nicolaspatrick@example.net,+33 (0)2 33 76 15 57,Israël,2025-09-19
93,Anastasie Le Morvan,eugeneroyer@example.com,0689947089,Chine (Rép. pop.),2024-06-23
94,Véronique Rocher,uhenry@example.org,02 49 85 28 29,Norvège,2025-06-16
95,Hugues Giraud,fruiz@example.com,03 57 39 84 60,Svalbard et Jan Mayen (Îles),2025-02-16
96,Noémi Michel,ponslucy@example.org,0362024910,Tonga,2024-06-25
97,Nathalie-Maryse Vallet,marinerodriguez@example.org,0558989801,Botswana,2024-05-25
98,Noël Ribeiro,perretchristelle@example.com,+33 2 72 17 77 95,"Corée, Sud",2025-10-16
99,Margot Didier Le Renault,perrieralice@example.net,03 86 91 10 30,Vierges (Îles),2024-07-24
100,Josette Barbe,robertdevaux@example.org,0413386915,Turkménistan,2025-02-08
